{
    "train_accuracy": 0.9108281860582378,
    "test_accuracy": 0.8850458808107291,
    "test_f1": 0.8870839936608558,
    "test_precision": 0.8747802305137722,
    "test_recall": 0.8997387984729757
}